{"cameraMode":{"drawMode":0,"name":"Shaded","section":"Shading Mode"},"sceneLighting":false,"audioPlay":false,"sceneViewState":{"showFog":true,"showMaterialUpdate":false,"showSkybox":true,"showFlares":true,"showImageEffects":true,"showParticleSystems":true},"in2DMode":false,"pivot":{"x":-7.520000457763672,"y":1.5299999713897706,"z":0.0},"rotation":{"x":0.17236922681331635,"y":0.022712616249918939,"z":0.0010434365831315518,"w":0.9847714304924011},"size":4.387651443481445,"orthographic":false}